record_type,period,updated_at,posters_generated,posters_posted,blogs,newsletters,videos,scheduled,impressions,clicks,leads,spend,engagement,platform,campaign_name,status,campaign_spend,campaign_impressions,campaign_clicks,campaign_leads,week_label,google_leads,meta_leads,organic_leads
summary,August 2026,"05 Oct 2026, 10:55 IST",18,14,4,2,3,5,138400,4910,91,184500,4.9,,,,,,,,,,
campaign,August 2026,,,,,,,,,,,,,Google Ads,High-Speed IP Services — Search,Running,82400,36100,1910,39,,,,
campaign,August 2026,,,,,,,,,,,,,Meta Ads,Xtremesilica Engineering Awareness,Running,47100,58200,1380,24,,,,
campaign,August 2026,,,,,,,,,,,,,Google Ads,PCIe & CXL Verification — Search,Paused,55000,24100,980,18,,,,
weekly,August 2026,,,,,,,,,,,,,,,,,,,,Week 1,15,9,5
weekly,August 2026,,,,,,,,,,,,,,,,,,,,Week 2,18,11,7
weekly,August 2026,,,,,,,,,,,,,,,,,,,,Week 3,20,13,8
weekly,August 2026,,,,,,,,,,,,,,,,,,,,Week 4,22,15,9
summary,September 2026,"05 Oct 2026, 10:55 IST",21,17,5,3,3,6,161800,5780,108,216300,5.3,,,,,,,,,,
campaign,September 2026,,,,,,,,,,,,,Google Ads,High-Speed IP Services — Search,Running,96500,42100,2310,49,,,,
campaign,September 2026,,,,,,,,,,,,,Google Ads,PCIe & CXL Verification — Search,Running,52400,24500,1090,21,,,,
campaign,September 2026,,,,,,,,,,,,,Meta Ads,Xtremesilica Engineering Awareness,Running,40100,61200,1510,25,,,,
campaign,September 2026,,,,,,,,,,,,,Meta Ads,Semiconductor Decision Makers,Paused,27300,34000,870,13,,,,
weekly,September 2026,,,,,,,,,,,,,,,,,,,,Week 1,18,10,7
weekly,September 2026,,,,,,,,,,,,,,,,,,,,Week 2,23,13,9
weekly,September 2026,,,,,,,,,,,,,,,,,,,,Week 3,27,16,11
weekly,September 2026,,,,,,,,,,,,,,,,,,,,Week 4,32,19,13
summary,October 2026,"05 Oct 2026, 10:55 IST",24,18,6,3,4,7,184620,6842,126,248750,5.8,,,,,,,,,,
campaign,October 2026,,,,,,,,,,,,,Google Ads,High-Speed IP Services — Search,Running,112400,48200,2786,61,,,,
campaign,October 2026,,,,,,,,,,,,,Google Ads,PCIe & CXL Verification — Search,Running,58200,26140,1215,24,,,,
campaign,October 2026,,,,,,,,,,,,,Meta Ads,Xtremesilica Engineering Awareness,Running,41350,69480,1786,28,,,,
campaign,October 2026,,,,,,,,,,,,,Meta Ads,Semiconductor Decision Makers,Paused,36800,40800,1055,13,,,,
weekly,October 2026,,,,,,,,,,,,,,,,,,,,Week 1,21,12,8
weekly,October 2026,,,,,,,,,,,,,,,,,,,,Week 2,26,15,11
weekly,October 2026,,,,,,,,,,,,,,,,,,,,Week 3,31,18,13
weekly,October 2026,,,,,,,,,,,,,,,,,,,,Week 4,37,22,16
